batting_avg,on_base_percent,slg_percent,exit_velocity_avg
1,0.690741828786081,0.5299760079042188,0.15465020690135492
0.690741828786081,1,0.5961953841180022,0.34857523068911794
0.5299760079042188,0.5961953841180022,1,0.6169454527097975
0.15465020690135492,0.34857523068911794,0.6169454527097975,1
