,Los Angeles Dodgers,New York Yankees,Atlanta Braves,Houston Astros,Toronto Blue Jays,Philadelphia Phillies,Boston Red Sox,Arizona Diamondbacks,San Diego Padres,New York Mets,Seattle Mariners,San Francisco Giants,Minnesota Twins,Milwaukee Brewers,Chicago Cubs,Detroit Tigers,Tampa Bay Rays,Cincinnati Reds,Kansas City Royals,Texas Rangers,Baltimore Orioles,St. Louis Cardinals,Colorado Rockies,Los Angeles Angels,Washington Nationals,Miami Marlins,Cleveland Guardians,Oakland Athletics,Chicago White Sox,Pittsburgh Pirates
2026,782.3917627855737,777.3261586318746,746.3489037618805,729.6464093332145,731.6194278171973,732.1647114554447,732.2959785067455,710.4048668413924,697.3685620671685,716.9664371259257,696.0597250465997,684.9009768214663,683.5071868268461,707.8400620658509,710.8539578467445,658.8865179300096,689.841607199677,677.199530804509,658.5396544103999,667.7273027429418,670.8465723511716,684.302689429128,642.852124205827,654.6209778439296,647.7080086087753,657.9194735586607,625.3931352094971,631.3321271104946,651.1606675413966,620.6772855367594
2027,774.994940882931,786.1258371070213,739.2108121607121,730.4463002713321,737.5815566245743,741.0916078802646,722.9288086658482,703.2772229212648,704.7262403215641,706.9792306437635,699.8180184962481,693.8637687926074,678.9838283245081,710.2574290230373,709.914836980737,655.9041457697796,687.4619930270784,687.4227182165614,660.7461699895875,661.3934403597076,664.4406515883651,682.3357864486255,649.2142934476052,665.8517878950635,640.0905245301864,651.5555846915739,633.5350501065559,634.184255935497,651.257688991663,616.9399492899535
2028,784.8439574838274,772.4283830291623,752.3420572799072,727.7910777547966,739.6659332497284,740.3542109160032,731.3985926942058,709.3367580894324,701.275759835223,717.1237285470984,692.9151000755018,692.5846833704243,673.8349261184419,705.3696404679732,702.5721892093184,659.4680659364253,686.1138220596894,680.8742393324673,651.8850698428905,669.2483355436027,669.6074101096053,674.496394477905,648.4247679365652,662.359374875909,640.5818724308633,660.30391180896,625.0255206313637,622.5979746028277,642.7586749544357,621.0908250330621
