,Los Angeles Dodgers,New York Yankees,Atlanta Braves,Houston Astros,Toronto Blue Jays,Philadelphia Phillies,Boston Red Sox,Arizona Diamondbacks,San Diego Padres,New York Mets,Seattle Mariners,San Francisco Giants,Minnesota Twins,Milwaukee Brewers,Chicago Cubs,Detroit Tigers,Tampa Bay Rays,Cincinnati Reds,Kansas City Royals,Texas Rangers,Baltimore Orioles,St. Louis Cardinals,Colorado Rockies,Los Angeles Angels,Washington Nationals,Miami Marlins,Cleveland Guardians,Oakland Athletics,Chicago White Sox,Pittsburgh Pirates
2026,0.7834207041402121,0.7612457990499757,0.7640337402808783,0.7509678347788052,0.7699477332495869,0.7416746396902683,0.7487661638036957,0.7255885579732105,0.719493088589957,0.7364277111379948,0.713700336691755,0.7151610747406122,0.72151093193886,0.7168127264295173,0.7299879123574129,0.6826651420021708,0.7291721457978705,0.713358974161234,0.7001113206356924,0.7100876556163493,0.718036002525535,0.7195842146294674,0.7134435585397819,0.7021075193465368,0.7106454478036137,0.692889892242052,0.6995222111165534,0.6785242652186395,0.6928178879856814,0.6615752735376836
2027,0.7686058656411966,0.759119829670203,0.7630709154121035,0.7518045576697175,0.7620917939183951,0.7498230949398869,0.7483172254885491,0.7319855927239657,0.7179002205457079,0.7247515214984445,0.7076806521655984,0.7161653591130799,0.7252555767170736,0.7253278035067394,0.7208075089373716,0.693438779303794,0.7336151018810059,0.7189445474052786,0.7039084408740117,0.6990859289322864,0.7130315750245758,0.7270301695665234,0.7017533541321945,0.7013807368202797,0.7114892171170225,0.6876785666201356,0.693696506786247,0.6737202266038184,0.6858011000174373,0.6595193286464224
2028,0.7746556252270571,0.7583843259074463,0.759381477653894,0.756364713936848,0.7715694179519371,0.7554289689828866,0.7520353737367991,0.7334013142833891,0.7308239948003886,0.7239124744997082,0.7066830045860361,0.7194288047033615,0.7208799193387138,0.7231000075015745,0.7308352624697785,0.6871220933774478,0.728757526251588,0.713130304234222,0.6933491042204588,0.7081860636041172,0.7141761316243368,0.720499251717026,0.7110209583621738,0.705686255535264,0.7098593789277502,0.6916580973260893,0.6971084549511185,0.6829241941550539,0.6828844355473325,0.6624593502699336
