,Los Angeles Dodgers,New York Yankees,Atlanta Braves,Houston Astros,Toronto Blue Jays,Philadelphia Phillies,Boston Red Sox,Arizona Diamondbacks,San Diego Padres,New York Mets,Seattle Mariners,San Francisco Giants,Minnesota Twins,Milwaukee Brewers,Chicago Cubs,Detroit Tigers,Tampa Bay Rays,Cincinnati Reds,Kansas City Royals,Texas Rangers,Baltimore Orioles,St. Louis Cardinals,Colorado Rockies,Los Angeles Angels,Washington Nationals,Miami Marlins,Cleveland Guardians,Oakland Athletics,Chicago White Sox,Pittsburgh Pirates
2026,0.18932160918915825,0.19311920668230248,0.19474071470328821,0.176271579889345,0.16555994680832323,0.1688477160338659,0.16973697821120018,0.1592685211762656,0.1600436684409017,0.160953982604373,0.15250482325337947,0.15125678619882518,0.15709359992378008,0.1479805074654809,0.15651805587967982,0.14469767911979328,0.15104951347441298,0.14083429968891886,0.14033594033521238,0.14173881340048863,0.14529959439757795,0.13970812971576965,0.1430812900539089,0.14355855512733656,0.13558827042693256,0.13243495277136771,0.13622750481558543,0.13910914283575457,0.1349398620049375,0.12853334504238648
2027,0.18773392095902866,0.19172284216643332,0.19541608073875796,0.17741360260840314,0.16553520255527185,0.16841365597209768,0.16829889043199456,0.15898205804715923,0.15927923993182846,0.15913296959974513,0.1534426905102817,0.15131911288706362,0.159189103082955,0.1500994050125616,0.15447240325004424,0.14691247459737108,0.15294488799678546,0.1422551184406025,0.13876086024286335,0.1413002288990086,0.14488372582462247,0.1401756463615046,0.14202386921751264,0.1428207455350725,0.13510547476811324,0.13178029973848981,0.13487233497428683,0.1407695204556705,0.13439605551887973,0.12683480704761294
2028,0.1871145196890941,0.19365577943807458,0.19260616566764133,0.17586514660146157,0.16385307485416328,0.168515482373563,0.16952473598441206,0.1615609523284354,0.1589573710374903,0.16040309985978715,0.1542283522467087,0.1513381888536328,0.15707760563248976,0.1491326589412816,0.15739255177782885,0.14504483008904792,0.15133422671120486,0.14209201228252188,0.14024625563622525,0.14063654987911328,0.14437721469259387,0.13936289708930594,0.14359148899446356,0.1429686071206364,0.13380076397249543,0.13161294962542797,0.1362915058115043,0.13988921030737334,0.13525193714292766,0.1273167825597258
