,Los Angeles Dodgers,New York Yankees,Atlanta Braves,Houston Astros,Toronto Blue Jays,Philadelphia Phillies,Boston Red Sox,Arizona Diamondbacks,San Diego Padres,New York Mets,Seattle Mariners,San Francisco Giants,Minnesota Twins,Milwaukee Brewers,Chicago Cubs,Detroit Tigers,Tampa Bay Rays,Cincinnati Reds,Kansas City Royals,Texas Rangers,Baltimore Orioles,St. Louis Cardinals,Colorado Rockies,Los Angeles Angels,Washington Nationals,Miami Marlins,Cleveland Guardians,Oakland Athletics,Chicago White Sox,Pittsburgh Pirates
2026,0.3340641239877177,0.33711947248812296,0.3251352512849669,0.3267935759862923,0.3303503207969052,0.32538399636745224,0.3235403515628518,0.3192861292884423,0.32326662447797694,0.32223751497648984,0.3182756008548456,0.32241146350474686,0.3168228085408279,0.32179395404769395,0.31531225908943133,0.312198808277091,0.3195786265245101,0.31954064706607666,0.30753398132543275,0.3087728710444116,0.3139216733655602,0.31803143618993945,0.30910067178487277,0.30791339832602244,0.3114438367439051,0.3088367849983764,0.3017886010135149,0.3000488658542811,0.297527390333615,0.3025996562500894
2027,0.3362154112364417,0.3370775823371479,0.3230354723116461,0.3251879259996945,0.3316455378545385,0.3225347561738707,0.32542188896382795,0.32157746567089635,0.3227340538418295,0.3263658334067058,0.3174828936426436,0.32313970385299157,0.3212459751968202,0.3233105618396869,0.3176284552384749,0.3105635257782254,0.31534021738910717,0.3168036498031668,0.31037392732103386,0.31169431681961707,0.3152579977041758,0.3180056518552009,0.3123700413673514,0.31254178792914383,0.3112558841955687,0.30621045052369933,0.3021792977515815,0.30499707055407455,0.30095414436379825,0.30578241948041124
2028,0.33369607653732214,0.3383385286149122,0.3210619716044762,0.3282610286602183,0.3277997281293232,0.32457257148339796,0.32816723425390404,0.31956028284125715,0.32409887248840763,0.32274859163820097,0.31559854777736374,0.3185128598828277,0.3211114418650449,0.3234195290076455,0.3152617841959921,0.3080316743001476,0.3165163917809917,0.3182139283742695,0.3106109115987438,0.3131510265759358,0.3129557723171728,0.3152584766699146,0.31245268411292404,0.30963375657575887,0.3098422012767699,0.31065980724314873,0.3002253296459819,0.30189941288702904,0.301593198645839,0.3057215711733793
