,Los Angeles Dodgers,New York Yankees,Atlanta Braves,Houston Astros,Toronto Blue Jays,Philadelphia Phillies,Boston Red Sox,Arizona Diamondbacks,San Diego Padres,New York Mets,Seattle Mariners,San Francisco Giants,Minnesota Twins,Milwaukee Brewers,Chicago Cubs,Detroit Tigers,Tampa Bay Rays,Cincinnati Reds,Kansas City Royals,Texas Rangers,Baltimore Orioles,St. Louis Cardinals,Colorado Rockies,Los Angeles Angels,Washington Nationals,Miami Marlins,Cleveland Guardians,Oakland Athletics,Chicago White Sox,Pittsburgh Pirates
2026,0.4481795032337842,0.4383060645184986,0.43801242449390504,0.4301609936183017,0.4232379324878002,0.4177703098377402,0.4178268142984242,0.40312303313835596,0.4010918312059787,0.4027797576875203,0.3944173238597005,0.39523394906517967,0.3944077396111579,0.3956873240659254,0.3972795575715834,0.38916121123148073,0.39589933452973336,0.38663084857555924,0.3855405584435344,0.3858147107292951,0.3805468598063552,0.38443295249045356,0.37690721055516596,0.37622648917283474,0.3761809037554281,0.37819293460435244,0.3711284486594474,0.37012694637404026,0.3714171223948088,0.3564741183094885
2027,0.4491399815570543,0.4413676974844675,0.43707388408339176,0.42990612443160237,0.42581767295396356,0.4190348546356781,0.4128523042646821,0.40668045529956975,0.40272756225816614,0.39838606556379225,0.3959110849714345,0.39383413218889257,0.39911734277825367,0.39156741936718764,0.3914079255635031,0.3961133338592664,0.39042581140437144,0.39000364625039147,0.38296330563822173,0.380223776643779,0.3860118103331657,0.38065689079150933,0.3837623072897664,0.375506311699523,0.3734593649491991,0.3733620169633587,0.3747089435764289,0.37500109520442676,0.36870556820374656,0.36209502660334014
2028,0.44195866170797465,0.4368035667382963,0.43377672087075747,0.4294085234910541,0.4236632737048839,0.42148007029302936,0.41336230920153055,0.4061846979659037,0.40472402362275195,0.4031697276039876,0.3975582481653003,0.39516227391880376,0.39459929963340834,0.3949664157168954,0.3968282463150041,0.3907889337727286,0.39503331979000716,0.3890433166022103,0.3819249555435967,0.387727740918837,0.3839292889757493,0.3822653378630868,0.38330700812116353,0.37902490412811646,0.3766426419193068,0.3712733248751173,0.3720498915587217,0.36930561227824066,0.3714023899073972,0.3602271181104819
