,Los Angeles Dodgers,New York Yankees,Atlanta Braves,Houston Astros,Toronto Blue Jays,Philadelphia Phillies,Boston Red Sox,Arizona Diamondbacks,San Diego Padres,New York Mets,Seattle Mariners,San Francisco Giants,Minnesota Twins,Milwaukee Brewers,Chicago Cubs,Detroit Tigers,Tampa Bay Rays,Cincinnati Reds,Kansas City Royals,Texas Rangers,Baltimore Orioles,St. Louis Cardinals,Colorado Rockies,Los Angeles Angels,Washington Nationals,Miami Marlins,Cleveland Guardians,Oakland Athletics,Chicago White Sox,Pittsburgh Pirates
2026,0.6210392329474919,0.5669567394869826,0.5620491041398495,0.5744872729847176,0.5404219930726406,0.5536356997322522,0.51275115978588,0.47924030270498197,0.5357050742368947,0.5277836199518813,0.5436921268755792,0.5321352496252643,0.47684881350311126,0.5665040905152802,0.49585835655540567,0.46231771658097887,0.5419136363621783,0.47028108899270676,0.4447608300934979,0.46794082618661376,0.4851013108570214,0.5136249522509199,0.3862638583696635,0.4460442258676725,0.4336568992390803,0.42139470311820404,0.5301946666022245,0.4155039057147818,0.3858351903924943,0.4246938203138567
2027,0.6260540274851355,0.5686162608506874,0.5603631352319238,0.5812579688900842,0.543703473414529,0.5561900287142183,0.5151474378850567,0.48115042662759855,0.5346470437930041,0.52680914575528,0.5491233362888368,0.5288253963720367,0.4841248166364267,0.5689256447448423,0.4966995353088511,0.46174912228368375,0.5495158138789222,0.47955676972947475,0.4453658007526897,0.4711641190658356,0.4774967667852152,0.507581146065631,0.38590416887348067,0.4434184868184768,0.43080378404902847,0.4226377625756739,0.5278580840228646,0.4192829227150036,0.3832662863639,0.43068816443797103
2028,0.6282816527686497,0.5681739450340741,0.571298760978265,0.5800020913809951,0.5440748445223369,0.5540172181004686,0.5197112600606948,0.4764630484881918,0.5375302300231987,0.523626450306512,0.542720160195184,0.5262221209078042,0.4784242171952796,0.567783616517424,0.5023620095348541,0.4621597059034121,0.5467591084921819,0.47322239862000565,0.45178651569192546,0.4665675480730306,0.48506519565177275,0.5090575366135107,0.38751387685476024,0.44678022784141386,0.43099365953927804,0.4259569112221822,0.5307779516019103,0.4134395932316678,0.38576177042104665,0.42849380909117557
